model,focal_layer,cos_full_final,cos_nc_final,fixed_ST_AUROC,adaptive_AUROC,ST_to_MLP_AUROC
llama,L18,0.05026081328590711,0.05442724656313658,0.5746725006198438,0.7036024344838662,0.54832120323699
qwen,L16,0.02790113041798274,0.03868209818998972,0.5471695251708609,0.6658719614470194,0.5094493695949667
